,course_class_id,course_id,class_id,course_name,grade,credits,course_classification,time_classroom,professor,assessment_method,notes,rating,department,classroom
2331,MTH1001-040,MTH1001,40,일반수학 1,1,3.0,교양필수,[    0     0     0     0     0 32256     0],박용철,상대평가, ,5.0,반도체산업융합학과-반도체산업융합,{'토': 'M-206'}
2680,SEG1001-001,SEG1001,1,반도체개론,1,3.0,교양필수,[      0       0       0       0       0 2064384       0],남윤우,상대평가, ,,반도체산업융합학과-반도체산업융합,{'토': 'M-205'}
1289,GEB1107-001,GEB1107,1,의사소통 영어,1,3.0,교양필수,[126   0 126   0   0   0   0],랜디,상대평가, ,4.24,기타-교양영어,"{'월': '60주년-705', '수': '60주년-705'}"
1290,GEB1107-002,GEB1107,2,의사소통 영어,1,3.0,교양필수,[126   0 126   0   0   0   0],엠버,상대평가, ,4.46,기타-교양영어,"{'월': '60주년-505', '수': '60주년-505'}"
1291,GEB1107-003,GEB1107,3,의사소통 영어,1,3.0,교양필수,[126   0 126   0   0   0   0],테리로즈,상대평가, ,4.73,프런티어학부대학-프런티어학부대학,"{'월': '60주년-502', '수': '60주년-502'}"
1292,GEB1107-004,GEB1107,4,의사소통 영어,1,3.0,교양필수,[126   0 126   0   0   0   0],랜디,상대평가, ,4.24,프런티어학부대학-프런티어학부대학,"{'월': '60주년-705', '수': '60주년-705'}"
1293,GEB1107-005,GEB1107,5,의사소통 영어,1,3.0,교양필수,[126   0 126   0   0   0   0],엠버,상대평가, ,4.46,기타-교양영어,"{'월': '60주년-505', '수': '60주년-505'}"
1294,GEB1107-006,GEB1107,6,의사소통 영어,1,3.0,교양필수,[126   0 126   0   0   0   0],테리로즈,상대평가, ,4.73,기타-교양영어,"{'월': '60주년-502', '수': '60주년-502'}"
1295,GEB1107-007,GEB1107,7,의사소통 영어,1,3.0,교양필수,[126   0 126   0   0   0   0],스티븐존스,상대평가, ,4.35,프런티어학부대학-프런티어학부대학,"{'월': '60주년-506', '수': '60주년-506'}"
1296,GEB1107-008,GEB1107,8,의사소통 영어,1,3.0,교양필수,[910   0   0 910   0   0   0],엠버,상대평가, ,4.46,프런티어학부대학-프런티어학부대학,"{'월': '60주년-505', '목': '60주년-505'}"
1297,GEB1107-009,GEB1107,9,의사소통 영어,1,3.0,교양필수,[7280    0    0 7280    0    0    0],랜디,상대평가, ,4.24,프런티어학부대학-프런티어학부대학,"{'월': '60주년-705', '목': '60주년-705'}"
1298,GEB1107-010,GEB1107,10,의사소통 영어,1,3.0,교양필수,[7280    0    0 7280    0    0    0],스티븐존스,상대평가, ,4.35,프런티어학부대학-프런티어학부대학,"{'월': '60주년-506', '목': '60주년-506'}"
1299,GEB1107-011,GEB1107,11,의사소통 영어,1,3.0,교양필수,[57344     0 57344     0     0     0     0],엠버,상대평가, ,4.46,프런티어학부대학-프런티어학부대학,"{'월': '60주년-505', '수': '60주년-505'}"
1300,GEB1107-012,GEB1107,12,의사소통 영어,1,3.0,교양필수,[   0 7182    0 7182    0    0    0],그레고리맥닐,상대평가, ,4.6,프런티어학부대학-프런티어학부대학,"{'화': '60주년-605', '목': '60주년-605'}"
1301,GEB1107-013,GEB1107,13,의사소통 영어,1,3.0,교양필수,[   0 7182    0 7182    0    0    0],엠버,상대평가, ,4.46,프런티어학부대학-프런티어학부대학,"{'화': '60주년-505', '목': '60주년-505'}"
1302,GEB1107-014,GEB1107,14,의사소통 영어,1,3.0,교양필수,[   0 7182    0 7182    0    0    0],스티븐존스,상대평가, ,4.35,프런티어학부대학-프런티어학부대학,"{'화': '60주년-506', '목': '60주년-506'}"
1303,GEB1107-015,GEB1107,15,의사소통 영어,1,3.0,교양필수,[   0 1008    0 1008    0    0    0],랜디,상대평가, ,4.24,프런티어학부대학-프런티어학부대학,"{'화': '60주년-705', '목': '60주년-705'}"
1304,GEB1107-016,GEB1107,16,의사소통 영어,1,3.0,교양필수,[   0 1008    0 1008    0    0    0],그레고리맥닐,상대평가, ,4.6,프런티어학부대학-프런티어학부대학,"{'화': '60주년-605', '목': '60주년-605'}"
1305,GEB1107-017,GEB1107,17,의사소통 영어,1,3.0,교양필수,[   0 1008    0 1008    0    0    0],엠버,상대평가, ,4.46,프런티어학부대학-프런티어학부대학,"{'화': '60주년-505', '목': '60주년-505'}"
1306,GEB1107-018,GEB1107,18,의사소통 영어,1,3.0,교양필수,[   0 1008    0 1008    0    0    0],테리로즈,상대평가, ,4.73,프런티어학부대학-프런티어학부대학,"{'화': '60주년-502', '목': '60주년-502'}"
1307,GEB1107-019,GEB1107,19,의사소통 영어,1,3.0,교양필수,[   0 1008    0    0 1008    0    0],랜디,상대평가, ,4.24,기타-교양영어,"{'화': '60주년-705', '금': '60주년-705'}"
1308,GEB1107-020,GEB1107,20,의사소통 영어,1,3.0,교양필수,[   0 1008    0    0 1008    0    0],그레고리맥닐,상대평가, ,4.6,프런티어학부대학-프런티어학부대학,"{'화': '60주년-605', '금': '60주년-605'}"
1309,GEB1107-021,GEB1107,21,의사소통 영어,1,3.0,교양필수,[   0 1008    0    0 1008    0    0],테리로즈,상대평가, ,4.73,기타-교양영어,"{'화': '60주년-502', '금': '60주년-502'}"
1310,GEB1107-022,GEB1107,22,의사소통 영어,1,3.0,교양필수,[   0 1008    0    0 1008    0    0],스티븐존스,상대평가, ,4.35,프런티어학부대학-프런티어학부대학,"{'화': '60주년-506', '금': '60주년-506'}"
1311,GEB1107-023,GEB1107,23,의사소통 영어,1,3.0,교양필수,[   0 7182    0    0 7182    0    0],테리로즈,상대평가, ,4.73,기타-교양영어,"{'화': '60주년-502', '금': '60주년-502'}"
1312,GEB1107-024,GEB1107,24,의사소통 영어,1,3.0,교양필수,[   0 7182    0    0 7182    0    0],스티븐존스,상대평가, ,4.35,프런티어학부대학-프런티어학부대학,"{'화': '60주년-506', '금': '60주년-506'}"
1313,GEB1107-025,GEB1107,25,의사소통 영어,1,3.0,교양필수,[    0 57344     0 57344     0     0     0],랜디,상대평가, ,4.24,기타-교양영어,"{'화': '60주년-705', '목': '60주년-705'}"
1314,GEB1107-026,GEB1107,26,의사소통 영어,1,3.0,교양필수,[    0 57344     0 57344     0     0     0],엠버,상대평가, ,4.46,기타-교양영어,"{'화': '60주년-505', '목': '60주년-505'}"
1315,GEB1107-027,GEB1107,27,의사소통 영어,1,3.0,교양필수,[   0    0 8064    0 8064    0    0],랜디,상대평가, ,4.24,프런티어학부대학-프런티어학부대학,"{'수': '60주년-705', '금': '60주년-705'}"
1316,GEB1107-028,GEB1107,28,의사소통 영어,1,3.0,교양필수,[   0    0 8064    0 8064    0    0],그레고리맥닐,상대평가, ,4.6,프런티어학부대학-프런티어학부대학,"{'수': '60주년-605', '금': '60주년-605'}"
1317,GEB1107-029,GEB1107,29,의사소통 영어,1,3.0,교양필수,[   0    0 8064    0 8064    0    0],그레고리맥닐,상대평가, ,4.6,프런티어학부대학-프런티어학부대학,"{'수': '60주년-605', '금': '60주년-605'}"
1318,GEB1107-030,GEB1107,30,의사소통 영어,1,3.0,교양필수,[  0   0   0   0   0 126   0],스티브콘틱,상대평가,미래융합대학 전용분반,4.78,기타-교양영어,{'토': '60주년-706'}
1319,GEB1107-031,GEB1107,31,의사소통 영어,1,3.0,교양필수,[    0     0     0     0     0 32256     0],스티브콘틱,상대평가,미래융합대학 전용분반,4.78,기타-교양영어,{'토': '60주년-706'}
1320,GEB1107-032,GEB1107,32,의사소통 영어,1,3.0,교양필수,[  0   0   0   0   0 126   0],코너,상대평가,미래융합대학 전용분반,4.9,기타-교양영어,{'토': '60주년-701'}
1321,GEB1108-001,GEB1108,1,의사소통 영어: 중급,1,3.0,교양필수,[126   0 126   0   0   0   0],스트롱,상대평가, ,4.41,프런티어학부대학-프런티어학부대학,"{'월': '60주년-601', '수': '60주년-601'}"
1322,GEB1108-002,GEB1108,2,의사소통 영어: 중급,1,3.0,교양필수,[126   0 126   0   0   0   0],크리스틀,상대평가, ,4.35,프런티어학부대학-프런티어학부대학,"{'월': '60주년-606', '수': '60주년-606'}"
1323,GEB1108-003,GEB1108,3,의사소통 영어: 중급,1,3.0,교양필수,[126   0 126   0   0   0   0],스트롱,상대평가, ,4.41,프런티어학부대학-프런티어학부대학,"{'월': '60주년-601', '수': '60주년-601'}"
1324,GEB1108-004,GEB1108,4,의사소통 영어: 중급,1,3.0,교양필수,[910   0   0 910   0   0   0],크리스틀,상대평가, ,4.35,프런티어학부대학-프런티어학부대학,"{'월': '60주년-606', '목': '60주년-606'}"
1325,GEB1108-005,GEB1108,5,의사소통 영어: 중급,1,3.0,교양필수,[910   0   0 910   0   0   0],테리로즈,상대평가, ,4.57,프런티어학부대학-프런티어학부대학,"{'월': '60주년-502', '목': '60주년-502'}"
1326,GEB1108-006,GEB1108,6,의사소통 영어: 중급,1,3.0,교양필수,[7280    0    0 7280    0    0    0],스트롱,상대평가, ,4.41,프런티어학부대학-프런티어학부대학,"{'월': '60주년-601', '목': '60주년-601'}"
1327,GEB1108-007,GEB1108,7,의사소통 영어: 중급,1,3.0,교양필수,[7280    0    0 7280    0    0    0],장진이,상대평가, ,4.34,프런티어학부대학-프런티어학부대학,"{'월': '60주년-602', '목': '60주년-602'}"
1328,GEB1108-008,GEB1108,8,의사소통 영어: 중급,1,3.0,교양필수,[7280    0    0 7280    0    0    0],코너,상대평가, ,,프런티어학부대학-프런티어학부대학,"{'월': '60주년-701', '목': '60주년-701'}"
1329,GEB1108-009,GEB1108,9,의사소통 영어: 중급,1,3.0,교양필수,[7280    0    0 7280    0    0    0],테리로즈,상대평가, ,4.57,프런티어학부대학-프런티어학부대학,"{'월': '60주년-502', '목': '60주년-502'}"
1330,GEB1108-010,GEB1108,10,의사소통 영어: 중급,1,3.0,교양필수,[57344     0 57344     0     0     0     0],장진이,상대평가, ,4.34,기타-교양영어,"{'월': '60주년-602', '수': '60주년-602'}"
1331,GEB1108-011,GEB1108,11,의사소통 영어: 중급,1,3.0,교양필수,[57344     0 57344     0     0     0     0],코너,상대평가, ,,기타-교양영어,"{'월': '60주년-701', '수': '60주년-701'}"
1332,GEB1108-012,GEB1108,12,의사소통 영어: 중급,1,3.0,교양필수,[   0 7182    0 7182    0    0    0],스티브콘틱,상대평가, ,4.6,기타-교양영어,"{'화': '60주년-706', '목': '60주년-706'}"
1333,GEB1108-013,GEB1108,13,의사소통 영어: 중급,1,3.0,교양필수,[   0 7182    0 7182    0    0    0],스트롱,상대평가, ,4.41,기타-교양영어,"{'화': '60주년-601', '목': '60주년-601'}"
1334,GEB1108-014,GEB1108,14,의사소통 영어: 중급,1,3.0,교양필수,[   0 7182    0 7182    0    0    0],크리스틀,상대평가, ,4.35,기타-교양영어,"{'화': '60주년-606', '목': '60주년-606'}"
1335,GEB1108-015,GEB1108,15,의사소통 영어: 중급,1,3.0,교양필수,[   0 1008    0 1008    0    0    0],스티브콘틱,상대평가, ,4.6,프런티어학부대학-프런티어학부대학,"{'화': '60주년-706', '목': '60주년-706'}"
1336,GEB1108-016,GEB1108,16,의사소통 영어: 중급,1,3.0,교양필수,[   0 1008    0 1008    0    0    0],장진이,상대평가, ,4.34,프런티어학부대학-프런티어학부대학,"{'화': '60주년-602', '목': '60주년-602'}"
1337,GEB1108-017,GEB1108,17,의사소통 영어: 중급,1,3.0,교양필수,[   0 1008    0 1008    0    0    0],크리스틀,상대평가, ,4.35,프런티어학부대학-프런티어학부대학,"{'화': '60주년-606', '목': '60주년-606'}"
1338,GEB1108-018,GEB1108,18,의사소통 영어: 중급,1,3.0,교양필수,[   0 1008    0 1008    0    0    0],코너,상대평가, ,,프런티어학부대학-프런티어학부대학,"{'화': '60주년-701', '목': '60주년-701'}"
1339,GEB1108-020,GEB1108,20,의사소통 영어: 중급,1,3.0,교양필수,[   0 1008    0    0 1008    0    0],장진이,상대평가, ,4.34,기타-교양영어,"{'화': '60주년-602', '금': '60주년-602'}"
1340,GEB1108-021,GEB1108,21,의사소통 영어: 중급,1,3.0,교양필수,[   0 1008    0    0 1008    0    0],코너,상대평가, ,,기타-교양영어,"{'화': '60주년-701', '금': '60주년-701'}"
1341,GEB1108-022,GEB1108,22,의사소통 영어: 중급,1,3.0,교양필수,[   0 7182    0    0 7182    0    0],크리스틀,상대평가, ,4.35,기타-교양영어,"{'화': '60주년-606', '금': '60주년-606'}"
1342,GEB1108-023,GEB1108,23,의사소통 영어: 중급,1,3.0,교양필수,[    0 57344     0 57344     0     0     0],스티브콘틱,상대평가, ,4.6,기타-교양영어,"{'화': '60주년-706', '목': '60주년-706'}"
1343,GEB1108-024,GEB1108,24,의사소통 영어: 중급,1,3.0,교양필수,[    0 57344     0 57344     0     0     0],장진이,상대평가, ,4.34,기타-교양영어,"{'화': '60주년-602', '목': '60주년-602'}"
1344,GEB1108-025,GEB1108,25,의사소통 영어: 중급,1,3.0,교양필수,[   0    0 8064    0 8064    0    0],장진이,상대평가, ,4.34,기타-교양영어,"{'수': '60주년-602', '금': '60주년-602'}"
1345,GEB1108-026,GEB1108,26,의사소통 영어: 중급,1,3.0,교양필수,[   0    0 8064    0 8064    0    0],코너,상대평가, ,,기타-교양영어,"{'수': '60주년-701', '금': '60주년-701'}"
1346,GEB1108-027,GEB1108,27,의사소통 영어: 중급,1,3.0,교양필수,[   0    0 8064    0 8064    0    0],크리스틀,상대평가, ,4.35,프런티어학부대학-프런티어학부대학,"{'수': '60주년-606', '금': '60주년-606'}"
1347,GEB1108-028,GEB1108,28,의사소통 영어: 중급,1,3.0,교양필수,[   0    0 8064    0 8064    0    0],코너,상대평가, ,,기타-교양영어,"{'수': '60주년-701', '금': '60주년-701'}"
1348,GEB1109-001,GEB1109,1,의사소통 영어: 고급,1,3.0,교양필수,[126   0 126   0   0   0   0],스티브콘틱,상대평가,국제학부 전용분반,4.26,프런티어학부대학-프런티어학부대학,"{'월': '60주년-706', '수': '60주년-706'}"
1349,GEB1109-002,GEB1109,2,의사소통 영어: 고급,1,3.0,교양필수,[126   0 126   0   0   0   0],스티브콘틱,상대평가, ,4.26,기타-교양영어,"{'월': '60주년-706', '수': '60주년-706'}"
1350,GEB1109-003,GEB1109,3,의사소통 영어: 고급,1,3.0,교양필수,[126   0 126   0   0   0   0],제이슨햄,상대평가, ,4.63,기타-교양영어,"{'월': '60주년-501', '수': '60주년-501'}"
1351,GEB1109-004,GEB1109,4,의사소통 영어: 고급,1,3.0,교양필수,[910   0   0 910   0   0   0],스티브콘틱,상대평가, ,4.26,기타-교양영어,"{'월': '60주년-706', '목': '60주년-706'}"
1352,GEB1109-005,GEB1109,5,의사소통 영어: 고급,1,3.0,교양필수,[910   0   0 910   0   0   0],제이슨햄,상대평가, ,4.63,기타-교양영어,"{'월': '60주년-501', '목': '60주년-501'}"
1353,GEB1109-006,GEB1109,6,의사소통 영어: 고급,1,3.0,교양필수,[7280    0    0 7280    0    0    0],헴브리,상대평가,국제학부 전용분반,4.78,프런티어학부대학-프런티어학부대학,"{'월': '60주년-702', '목': '60주년-702'}"
1354,GEB1109-007,GEB1109,7,의사소통 영어: 고급,1,3.0,교양필수,[57344     0 57344     0     0     0     0],스티브콘틱,상대평가, ,4.26,프런티어학부대학-프런티어학부대학,"{'월': '60주년-706', '수': '60주년-706'}"
1355,GEB1109-008,GEB1109,8,의사소통 영어: 고급,1,3.0,교양필수,[57344     0 57344     0     0     0     0],헴브리,상대평가, ,4.78,프런티어학부대학-프런티어학부대학,"{'월': '60주년-702', '수': '60주년-702'}"
1356,GEB1109-009,GEB1109,9,의사소통 영어: 고급,1,3.0,교양필수,[   0 7182    0 7182    0    0    0],제이슨햄,상대평가, ,4.63,프런티어학부대학-프런티어학부대학,"{'화': '60주년-501', '목': '60주년-501'}"
1357,GEB1109-010,GEB1109,10,의사소통 영어: 고급,1,3.0,교양필수,[   0 1008    0    0 1008    0    0],제이슨햄,상대평가,국제학부 전용분반,4.63,프런티어학부대학-프런티어학부대학,"{'화': '60주년-501', '금': '60주년-501'}"
1358,GEB1109-011,GEB1109,11,의사소통 영어: 고급,1,3.0,교양필수,[   0 7182    0    0 7182    0    0],헴브리,상대평가, ,4.78,프런티어학부대학-프런티어학부대학,"{'화': '60주년-702', '금': '60주년-702'}"
1359,GEB1109-012,GEB1109,12,의사소통 영어: 고급,1,3.0,교양필수,[    0 57344     0 57344     0     0     0],제이슨햄,상대평가, ,4.63,프런티어학부대학-프런티어학부대학,"{'화': '60주년-501', '목': '60주년-501'}"
1360,GEB1109-013,GEB1109,13,의사소통 영어: 고급,1,3.0,교양필수,[    0 57344     0 57344     0     0     0],헴브리,상대평가, ,4.78,프런티어학부대학-프런티어학부대학,"{'화': '60주년-702', '목': '60주년-702'}"
1361,GEB1112-001,GEB1112,1,크로스오버 1 : 인간의 탐색,1,2.0,교양필수,[  0   0 240   0   0   0   0],정연재,Pass/Fail, ,4.48,기타-크로스오버,{'수': '60주년-106'}
1362,GEB1112-002,GEB1112,2,크로스오버 1 : 인간의 탐색,1,2.0,교양필수,[   0    0 7680    0    0    0    0],정연재,Pass/Fail, ,4.48,기타-크로스오버,{'수': '60주년-106'}
1363,GEB1112-003,GEB1112,3,크로스오버 1 : 인간의 탐색,1,2.0,교양필수,[  0   0   0 240   0   0   0],도윤정,Pass/Fail, ,3.61,기타-크로스오버,{'목': '60주년-106'}
1364,GEB1112-004,GEB1112,4,크로스오버 1 : 인간의 탐색,1,2.0,교양필수,[   0    0    0 7680    0    0    0],도윤정,Pass/Fail, ,3.61,기타-크로스오버,{'목': '60주년-106'}
1365,GEB1112-005,GEB1112,5,크로스오버 1 : 인간의 탐색,1,2.0,교양필수,[  0   0 240   0   0   0   0],마은종,Pass/Fail, ,4.63,기타-크로스오버,{'수': '60주년-101'}
1366,GEB1112-006,GEB1112,6,크로스오버 1 : 인간의 탐색,1,2.0,교양필수,[   0    0 7680    0    0    0    0],마은종,Pass/Fail, ,4.63,기타-크로스오버,{'수': '60주년-101'}
1367,GEB1112-007,GEB1112,7,크로스오버 1 : 인간의 탐색,1,2.0,교양필수,[  0   0   0 240   0   0   0],마은종,Pass/Fail, ,4.63,프런티어학부대학-프런티어학부대학,{'목': '60주년-101'}
1368,GEB1112-008,GEB1112,8,크로스오버 1 : 인간의 탐색,1,2.0,교양필수,[   0    0    0 7680    0    0    0],마은종,Pass/Fail, ,4.63,기타-크로스오버,{'목': '60주년-101'}
1369,GEB1112-009,GEB1112,9,크로스오버 1 : 인간의 탐색,1,2.0,교양필수,[  0   0   0 240   0   0   0],정영진,Pass/Fail, ,4.8,프런티어학부대학-프런티어학부대학,{'목': '60주년-108'}
1370,GEB1112-010,GEB1112,10,크로스오버 1 : 인간의 탐색,1,2.0,교양필수,[   0    0    0 7680    0    0    0],정영진,Pass/Fail, ,4.8,기타-크로스오버,{'목': '60주년-108'}
1371,GEB1112-011,GEB1112,11,크로스오버 1 : 인간의 탐색,1,2.0,교양필수,[  0   0 240   0   0   0   0],조나영,Pass/Fail, ,4.67,프런티어학부대학-프런티어학부대학,{'수': '60주년-201'}
1372,GEB1112-012,GEB1112,12,크로스오버 1 : 인간의 탐색,1,2.0,교양필수,[  0   0   0 240   0   0   0],조나영,Pass/Fail, ,4.67,기타-크로스오버,{'목': '60주년-201'}
1373,GEB1112-013,GEB1112,13,크로스오버 1 : 인간의 탐색,1,2.0,교양필수,[   0    0 7680    0    0    0    0],손미란,Pass/Fail, ,4.97,프런티어학부대학-프런티어학부대학,{'수': '60주년-201'}
1374,GEB1112-014,GEB1112,14,크로스오버 1 : 인간의 탐색,1,2.0,교양필수,[     0      0 122880      0      0      0      0],손미란,Pass/Fail, ,4.97,프런티어학부대학-프런티어학부대학,{'수': '60주년-201'}
1375,GEB1112-015,GEB1112,15,크로스오버 1 : 인간의 탐색,1,2.0,교양필수,[   0    0    0 7680    0    0    0],손미란,Pass/Fail, ,4.97,프런티어학부대학-프런티어학부대학,{'목': '60주년-201'}
1376,GEB1112-016,GEB1112,16,크로스오버 1 : 인간의 탐색,1,2.0,교양필수,[  0   0 240   0   0   0   0],성동기,Pass/Fail, ,4.0,기타-크로스오버,{'수': '60주년-206'}
1377,GEB1112-017,GEB1112,17,크로스오버 1 : 인간의 탐색,1,2.0,교양필수,[  0   0   0 240   0   0   0],성동기,Pass/Fail, ,4.0,프런티어학부대학-프런티어학부대학,{'목': '60주년-206'}
1378,GEB1112-018,GEB1112,18,크로스오버 1 : 인간의 탐색,1,2.0,교양필수,[   0    0    0 7680    0    0    0],성동기,Pass/Fail, ,4.0,기타-크로스오버,{'목': '60주년-206'}
1379,GEB1112-019,GEB1112,19,크로스오버 1 : 인간의 탐색,1,2.0,교양필수,[  0   0   0 240   0   0   0],성희활,Pass/Fail, ,4.76,기타-크로스오버,{'목': '60주년-207'}
1380,GEB1112-020,GEB1112,20,크로스오버 1 : 인간의 탐색,1,2.0,교양필수,[   0    0    0 7680    0    0    0],성희활,Pass/Fail, ,4.76,기타-크로스오버,{'목': '60주년-207'}
1381,GEB1112-021,GEB1112,21,크로스오버 1 : 인간의 탐색,1,2.0,교양필수,[7680    0    0    0    0    0    0],전재영,Pass/Fail, ,4.78,프런티어학부대학-프런티어학부대학,{'월': '60주년-207'}
1382,GEB1112-022,GEB1112,22,크로스오버 1 : 인간의 탐색,1,2.0,교양필수,[   0    0 7680    0    0    0    0],전재영,Pass/Fail, ,4.78,기타-크로스오버,{'수': '60주년-207'}
1383,GEB1112-023,GEB1112,23,크로스오버 1 : 인간의 탐색,1,2.0,교양필수,[     0      0 122880      0      0      0      0],전재영,Pass/Fail, ,4.78,기타-크로스오버,{'수': '60주년-207'}
1384,GEB1112-024,GEB1112,24,크로스오버 1 : 인간의 탐색,2,2.0,교양필수,[0 0 0 0 0 0 1],정연재,Pass/Fail,1학년은 신청 불가,4.48,기타-E-Learning,{'셀': '웹강의'}
1385,GEB1112-025,GEB1112,25,크로스오버 1 : 인간의 탐색,2,2.0,교양필수,[0 0 0 0 0 0 1],정연재,Pass/Fail,1학년은 신청 불가,4.48,기타-E-Learning,{'셀': '웹강의'}
1408,GEB1116-001,GEB1116,1,프로네시스 세미나,1,2.0,교양필수,[57344     0     0     0     0     0     1],"윤인현,이경자",Pass/Fail,"기계공학, 항공우주, 건축학부, 전자공학",4.53,프런티어학부대학-프런티어학부대학,"{'셀': '웹강의', '월': '60주년-101'}"
1409,GEB1116-002,GEB1116,2,프로네시스 세미나,1,2.0,교양필수,[57344     0     0     0     0     0     1],"성동기,윤인현",Pass/Fail,"기계공학, 항공우주, 건축학부, 전자공학",4.53,프런티어학부대학-프런티어학부대학,"{'셀': '웹강의', '월': '60주년-106'}"
1410,GEB1116-003,GEB1116,3,프로네시스 세미나,1,2.0,교양필수,[57344     0     0     0     0     0     1],"윤인현,김기홍",Pass/Fail,"기계공학, 항공우주, 건축학부, 전자공학",4.93,프런티어학부대학-프런티어학부대학,"{'셀': '웹강의', '월': '60주년-108'}"
1411,GEB1116-004,GEB1116,4,프로네시스 세미나,1,2.0,교양필수,[57344     0     0     0     0     0     1],"윤인현,윤인현",Pass/Fail,"기계공학, 항공우주, 건축학부, 전자공학",4.91,프런티어학부대학-프런티어학부대학,"{'셀': '웹강의', '월': '60주년-206'}"
1412,GEB1116-005,GEB1116,5,프로네시스 세미나,1,2.0,교양필수,[458752      0      0      0      0      0      1],"윤인현,정연재",Pass/Fail,"화학공학, 고분자공학, 신소재공학",4.94,프런티어학부대학-프런티어학부대학,"{'셀': '웹강의', '월': '60주년-101'}"
1413,GEB1116-006,GEB1116,6,프로네시스 세미나,1,2.0,교양필수,[458752      0      0      0      0      0      1],"성동기,윤인현",Pass/Fail,"화학공학, 고분자공학, 신소재공학",4.53,프런티어학부대학-프런티어학부대학,"{'셀': '웹강의', '월': '60주년-106'}"
1414,GEB1116-007,GEB1116,7,프로네시스 세미나,1,2.0,교양필수,[458752      0      0      0      0      0      1],"윤인현,윤인현",Pass/Fail,"화학공학, 고분자공학, 신소재공학",4.91,프런티어학부대학-프런티어학부대학,"{'셀': '웹강의', '월': '60주년-206'}"
1415,GEB1116-008,GEB1116,8,프로네시스 세미나,1,2.0,교양필수,[    0 57344     0     0     0     0     1],"윤인현,이경자",Pass/Fail,"사회인프라, 환경공학, 공간정보, 에너지자원, 산업경영, 생명공학",4.53,프런티어학부대학-프런티어학부대학,"{'셀': '웹강의', '화': '60주년-101'}"
1416,GEB1116-009,GEB1116,9,프로네시스 세미나,1,2.0,교양필수,[    0 57344     0     0     0     0     1],"성동기,윤인현",Pass/Fail,"사회인프라, 환경공학, 공간정보, 에너지자원, 산업경영, 생명공학",4.53,프런티어학부대학-프런티어학부대학,"{'셀': '웹강의', '화': '60주년-106'}"
1417,GEB1116-010,GEB1116,10,프로네시스 세미나,1,2.0,교양필수,[    0 57344     0     0     0     0     1],"윤인현,한영신",Pass/Fail,"사회인프라, 환경공학, 공간정보, 에너지자원, 산업경영, 생명공학",4.97,프런티어학부대학-프런티어학부대학,"{'셀': '웹강의', '화': '60주년-108'}"
1418,GEB1116-011,GEB1116,11,프로네시스 세미나,1,2.0,교양필수,[     0 458752      0      0      0      0      1],"윤인현,이경자",Pass/Fail,"전기공학, 정보통신, 반도체시스템, 조선해양",4.53,프런티어학부대학-프런티어학부대학,"{'셀': '웹강의', '화': '60주년-101'}"
1419,GEB1116-012,GEB1116,12,프로네시스 세미나,1,2.0,교양필수,[     0 458752      0      0      0      0      1],"성동기,윤인현",Pass/Fail,"전기공학, 정보통신, 반도체시스템, 조선해양",4.53,프런티어학부대학-프런티어학부대학,"{'셀': '웹강의', '화': '60주년-106'}"
1420,GEB1116-013,GEB1116,13,프로네시스 세미나,1,2.0,교양필수,[     0 458752      0      0      0      0      1],"한영신,정연재",Pass/Fail,"전기공학, 정보통신, 반도체시스템, 조선해양",4.85,프런티어학부대학-프런티어학부대학,"{'셀': '웹강의', '화': '60주년-108'}"
1421,GEB1116-014,GEB1116,14,프로네시스 세미나,1,2.0,교양필수,[    0     0 57344     0     0     0     1],"류수연,정연재",Pass/Fail,소프트웨어융합대학,4.84,프런티어학부대학-프런티어학부대학,"{'셀': '웹강의', '수': '60주년-101'}"
1422,GEB1116-015,GEB1116,15,프로네시스 세미나,1,2.0,교양필수,[    0     0 57344     0     0     0     1],"도윤정,정연재",Pass/Fail,소프트웨어융합대학,2.98,프런티어학부대학-프런티어학부대학,"{'셀': '웹강의', '수': '60주년-106'}"
1423,GEB1116-016,GEB1116,16,프로네시스 세미나,1,2.0,교양필수,[    0     0 57344     0     0     0     1],"한영신,정연재",Pass/Fail,소프트웨어융합대학,4.85,프런티어학부대학-프런티어학부대학,"{'셀': '웹강의', '수': '60주년-108'}"
1424,GEB1116-017,GEB1116,17,프로네시스 세미나,1,2.0,교양필수,[    0     0 57344     0     0     0     1],"정연재,이승엽",Pass/Fail,소프트웨어융합대학,3.2,프런티어학부대학-프런티어학부대학,"{'셀': '웹강의', '수': '60주년-206'}"
1425,GEB1116-018,GEB1116,18,프로네시스 세미나,1,2.0,교양필수,[     0      0 458752      0      0      0      1],"류수연,정연재",Pass/Fail,"자연과학대학, 생명과학과, 간호학과",4.84,프런티어학부대학-프런티어학부대학,"{'셀': '웹강의', '수': '60주년-101'}"
1426,GEB1116-019,GEB1116,19,프로네시스 세미나,1,2.0,교양필수,[     0      0 458752      0      0      0      1],"도윤정,정연재",Pass/Fail,"자연과학대학, 생명과학과, 간호학과",2.98,프런티어학부대학-프런티어학부대학,"{'셀': '웹강의', '수': '60주년-106'}"
1427,GEB1116-020,GEB1116,20,프로네시스 세미나,1,2.0,교양필수,[     0      0 458752      0      0      0      1],"한영신,정연재",Pass/Fail,"자연과학대학, 생명과학과, 간호학과",4.85,프런티어학부대학-프런티어학부대학,"{'셀': '웹강의', '수': '60주년-108'}"
1428,GEB1116-021,GEB1116,21,프로네시스 세미나,1,2.0,교양필수,[     0      0 458752      0      0      0      1],"정연재,이승엽",Pass/Fail,"자연과학대학, 생명과학과, 간호학과",3.2,프런티어학부대학-프런티어학부대학,"{'셀': '웹강의', '수': '60주년-206'}"
1429,GEB1116-022,GEB1116,22,프로네시스 세미나,1,2.0,교양필수,[    0     0     0 57344     0     0     1],"류수연,정연재",Pass/Fail,"경영대학, 행정학, 아동심리, 사회복지",4.84,프런티어학부대학-프런티어학부대학,"{'셀': '웹강의', '목': '60주년-101'}"
1430,GEB1116-023,GEB1116,23,프로네시스 세미나,1,2.0,교양필수,[    0     0     0 57344     0     0     1],"이경자,정연재",Pass/Fail,"경영대학, 행정학, 아동심리, 사회복지",4.4,프런티어학부대학-프런티어학부대학,"{'셀': '웹강의', '목': '60주년-106'}"
1431,GEB1116-024,GEB1116,24,프로네시스 세미나,1,2.0,교양필수,[    0     0     0 57344     0     0     1],"윤인현,정연재",Pass/Fail,"경영대학, 행정학, 아동심리, 사회복지",4.94,프런티어학부대학-프런티어학부대학,"{'셀': '웹강의', '목': '60주년-108'}"
1432,GEB1116-025,GEB1116,25,프로네시스 세미나,1,2.0,교양필수,[    0     0     0 57344     0     0     1],"정연재,손미란",Pass/Fail,"경영대학, 행정학, 아동심리, 사회복지",4.91,프런티어학부대학-프런티어학부대학,"{'셀': '웹강의', '목': '60주년-201'}"
1433,GEB1116-026,GEB1116,26,프로네시스 세미나,1,2.0,교양필수,[    0     0     0 57344     0     0     1],"정기섭,주소영",Pass/Fail,"경영대학, 행정학, 아동심리, 사회복지",4.33,프런티어학부대학-프런티어학부대학,"{'셀': '웹강의', '목': '60주년-207'}"
1434,GEB1116-027,GEB1116,27,프로네시스 세미나,1,2.0,교양필수,[  0   0 112   0   0   0   1],"정기섭,이경자,유정민",Pass/Fail,"정치외교, 미디어커뮤니케이션, 경제학, 소비자학",,프런티어학부대학-프런티어학부대학,"{'셀': '웹강의', '수': '60주년-108'}"
1435,GEB1116-028,GEB1116,28,프로네시스 세미나,1,2.0,교양필수,[  0   0 112   0   0   0   1],"정기섭,주소영",Pass/Fail,"정치외교, 미디어커뮤니케이션, 경제학, 소비자학",4.33,프런티어학부대학-프런티어학부대학,"{'셀': '웹강의', '수': '60주년-207'}"
1436,GEB1116-029,GEB1116,29,프로네시스 세미나,1,2.0,교양필수,[112   0   0   0   0   0   1],"정기섭,김기홍",Pass/Fail,사범대학,4.89,프런티어학부대학-프런티어학부대학,"{'셀': '웹강의', '월': '60주년-108'}"
1437,GEB1116-030,GEB1116,30,프로네시스 세미나,1,2.0,교양필수,[112   0   0   0   0   0   1],"정기섭,이승엽",Pass/Fail,사범대학,5.0,프런티어학부대학-프런티어학부대학,"{'셀': '웹강의', '월': '60주년-207'}"
1438,GEB1116-031,GEB1116,31,프로네시스 세미나,1,2.0,교양필수,[     0      0      0 458752      0      0      1],"정기섭,류수연",Pass/Fail,문과대학,4.51,프런티어학부대학-프런티어학부대학,"{'셀': '웹강의', '목': '60주년-101'}"
1439,GEB1116-032,GEB1116,32,프로네시스 세미나,1,2.0,교양필수,[     0      0      0 458752      0      0      1],"정기섭,도윤정",Pass/Fail,문과대학,2.9,프런티어학부대학-프런티어학부대학,"{'셀': '웹강의', '목': '60주년-106'}"
1440,GEB1116-033,GEB1116,33,프로네시스 세미나,1,2.0,교양필수,[     0      0      0 458752      0      0      1],"정기섭,윤인현",Pass/Fail,문과대학,4.93,프런티어학부대학-프런티어학부대학,"{'셀': '웹강의', '목': '60주년-108'}"
1441,GEB1116-034,GEB1116,34,프로네시스 세미나,1,2.0,교양필수,[     0      0      0 458752      0      0      1],"정기섭,손미란",Pass/Fail,문과대학,4.89,프런티어학부대학-프런티어학부대학,"{'셀': '웹강의', '목': '60주년-201'}"
1442,GEB1116-035,GEB1116,35,프로네시스 세미나,1,2.0,교양필수,[   0    0 7168    0    0    0    1],"정기섭,이경자,유정민",Pass/Fail,예술체육대학,,프런티어학부대학-프런티어학부대학,"{'셀': '웹강의', '수': '60주년-108'}"
1443,GEB1116-036,GEB1116,36,프로네시스 세미나,1,2.0,교양필수,[   0    0 7168    0    0    0    1],"정기섭,도윤정",Pass/Fail,예술체육대학,2.9,프런티어학부대학-프런티어학부대학,"{'셀': '웹강의', '수': '60주년-206'}"
1444,GEB1116-037,GEB1116,37,프로네시스 세미나,1,2.0,교양필수,[7168    0    0    0    0    0    1],"정기섭,이현규",Pass/Fail,의예과,,프런티어학부대학-프런티어학부대학,"{'셀': '웹강의', '월': '60주년-325'}"
1445,GEB1116-038,GEB1116,38,프로네시스 세미나,1,2.0,교양필수,[57344     0     0     0     0     0     1],"정기섭,이승엽",Pass/Fail,자유전공학부,5.0,프런티어학부대학-프런티어학부대학,"{'셀': '웹강의', '월': '60주년-207'}"
1446,GEB1116-039,GEB1116,39,프로네시스 세미나,1,2.0,교양필수,[0 0 0 0 0 0 1],"성동기,정연재",Pass/Fail,미래융합대학 전용,4.78,기타-E-Learning,{'셀': '웹강의'}
1447,GEB1116-040,GEB1116,40,프로네시스 세미나,1,2.0,교양필수,[     0 983040      0      0      0      0      0],최권진,Pass/Fail,"국제학부 전용, English",5.0,프런티어학부대학-프런티어학부대학,{'화': '60주년-206'}
1448,GEB1116-041,GEB1116,41,프로네시스 세미나,1,2.0,교양필수,[    0     0     0 57344     0     0     1],"이현주,윤인현",Pass/Fail,외국인 전용,4.91,프런티어학부대학-프런티어학부대학,"{'셀': '웹강의', '목': '60주년-107'}"
1449,GEB1126-001,GEB1126,1,문제해결을 위한 글쓰기,1,3.0,교양필수,[0 0 0 0 0 0 1],류수연,상대평가, ,5.0,프런티어학부대학-프런티어학부대학,{'셀': '웹강의'}
1450,GEB1126-002,GEB1126,2,문제해결을 위한 글쓰기,1,3.0,교양필수,[480   0   0   0   0   0   1],"강동호,이승희",상대평가, ,4.43,프런티어학부대학-프런티어학부대학,"{'셀': '웹강의', '월': '60주년-227'}"
1451,GEB1126-003,GEB1126,3,문제해결을 위한 글쓰기,1,3.0,교양필수,[7680    0    0    0    0    0    1],"강동호,이병국",상대평가, ,,프런티어학부대학-프런티어학부대학,"{'셀': '웹강의', '월': '60주년-227'}"
1452,GEB1126-004,GEB1126,4,문제해결을 위한 글쓰기,1,3.0,교양필수,[30  0  0  0  0  0  1],"강동호,이영수",상대평가, ,4.65,프런티어학부대학-프런티어학부대학,"{'셀': '웹강의', '월': '60주년-228'}"
1453,GEB1126-005,GEB1126,5,문제해결을 위한 글쓰기,1,3.0,교양필수,[480   0   0   0   0   0   1],"강동호,이영수",상대평가, ,4.65,기타-교양한국어,"{'셀': '웹강의', '월': '60주년-228'}"
1454,GEB1126-006,GEB1126,6,문제해결을 위한 글쓰기,1,3.0,교양필수,[7680    0    0    0    0    0    1],"강동호,김명임",상대평가, ,4.33,기타-교양한국어,"{'셀': '웹강의', '월': '60주년-228'}"
1455,GEB1126-007,GEB1126,7,문제해결을 위한 글쓰기,1,3.0,교양필수,[122880      0      0      0      0      0      1],"강동호,김명임",상대평가, ,4.33,기타-교양한국어,"{'셀': '웹강의', '월': '60주년-228'}"
1456,GEB1126-008,GEB1126,8,문제해결을 위한 글쓰기,1,3.0,교양필수,[480   0   0   0   0   0   1],"윤인현,강동호",상대평가, ,4.68,프런티어학부대학-프런티어학부대학,"{'셀': '웹강의', '월': '60주년-229'}"
1457,GEB1126-009,GEB1126,9,문제해결을 위한 글쓰기,1,3.0,교양필수,[7680    0    0    0    0    0    1],"윤인현,강동호",상대평가, ,4.68,기타-교양한국어,"{'셀': '웹강의', '월': '60주년-229'}"
1458,GEB1126-010,GEB1126,10,문제해결을 위한 글쓰기,1,3.0,교양필수,[7680    0    0    0    0    0    1],"강동호,김명인",상대평가, ,4.58,기타-교양한국어,"{'셀': '웹강의', '월': '60주년-230'}"
1459,GEB1126-011,GEB1126,11,문제해결을 위한 글쓰기,1,3.0,교양필수,[122880      0      0      0      0      0      1],"강동호,김명인",상대평가, ,4.58,기타-교양한국어,"{'셀': '웹강의', '월': '60주년-230'}"
1460,GEB1126-012,GEB1126,12,문제해결을 위한 글쓰기,1,3.0,교양필수,[480   0   0   0   0   0   1],"도윤정,강동호",상대평가, ,3.67,기타-교양한국어,"{'셀': '웹강의', '월': '60주년-804'}"
1461,GEB1126-013,GEB1126,13,문제해결을 위한 글쓰기,1,3.0,교양필수,[7680    0    0    0    0    0    1],"도윤정,강동호",상대평가, ,3.67,프런티어학부대학-프런티어학부대학,"{'셀': '웹강의', '월': '60주년-804'}"
1462,GEB1126-014,GEB1126,14,문제해결을 위한 글쓰기,1,3.0,교양필수,[122880      0      0      0      0      0      1],"도윤정,강동호",상대평가, ,3.67,기타-교양한국어,"{'셀': '웹강의', '월': '60주년-804'}"
1463,GEB1126-015,GEB1126,15,문제해결을 위한 글쓰기,1,3.0,교양필수,[ 0 30  0  0  0  0  1],"강동호,이재용",상대평가, ,4.67,기타-교양한국어,"{'셀': '웹강의', '화': '60주년-227'}"
1464,GEB1126-016,GEB1126,16,문제해결을 위한 글쓰기,1,3.0,교양필수,[  0 480   0   0   0   0   1],"강동호,이재용",상대평가, ,4.67,기타-교양한국어,"{'셀': '웹강의', '화': '60주년-227'}"
1465,GEB1126-017,GEB1126,17,문제해결을 위한 글쓰기,1,3.0,교양필수,[   0 7680    0    0    0    0    1],"김동식,류수연",상대평가, ,4.48,기타-교양한국어,"{'셀': '웹강의', '화': '60주년-227'}"
1466,GEB1126-018,GEB1126,18,문제해결을 위한 글쓰기,1,3.0,교양필수,[     0 122880      0      0      0      0      1],"김동식,류수연",상대평가, ,4.48,기타-교양한국어,"{'셀': '웹강의', '화': '60주년-227'}"
1467,GEB1126-019,GEB1126,19,문제해결을 위한 글쓰기,1,3.0,교양필수,[ 0 30  0  0  0  0  1],"김동식,이영수",상대평가, ,5.0,프런티어학부대학-프런티어학부대학,"{'셀': '웹강의', '화': '60주년-228'}"
1468,GEB1126-020,GEB1126,20,문제해결을 위한 글쓰기,1,3.0,교양필수,[  0 480   0   0   0   0   1],"김동식,이영수",상대평가, ,5.0,프런티어학부대학-프런티어학부대학,"{'셀': '웹강의', '화': '60주년-228'}"
1469,GEB1126-021,GEB1126,21,문제해결을 위한 글쓰기,1,3.0,교양필수,[   0 7680    0    0    0    0    1],"김동식,오윤정",상대평가, ,4.27,기타-교양한국어,"{'셀': '웹강의', '화': '60주년-228'}"
1470,GEB1126-022,GEB1126,22,문제해결을 위한 글쓰기,1,3.0,교양필수,[     0 122880      0      0      0      0      1],"김동식,오윤정",상대평가, ,4.27,기타-교양한국어,"{'셀': '웹강의', '화': '60주년-228'}"
1471,GEB1126-023,GEB1126,23,문제해결을 위한 글쓰기,1,3.0,교양필수,[  0 480   0   0   0   0   1],"김동식,윤인현",상대평가, ,4.83,기타-교양한국어,"{'셀': '웹강의', '화': '60주년-229'}"
1472,GEB1126-024,GEB1126,24,문제해결을 위한 글쓰기,1,3.0,교양필수,[   0 7680    0    0    0    0    1],"김동식,김윤정",상대평가, ,4.68,프런티어학부대학-프런티어학부대학,"{'셀': '웹강의', '화': '60주년-229'}"
1473,GEB1126-025,GEB1126,25,문제해결을 위한 글쓰기,1,3.0,교양필수,[     0 122880      0      0      0      0      1],"김동식,김윤정",상대평가, ,4.68,기타-교양한국어,"{'셀': '웹강의', '화': '60주년-229'}"
1474,GEB1126-026,GEB1126,26,문제해결을 위한 글쓰기,1,3.0,교양필수,[ 0 30  0  0  0  0  1],"김동식,이세기",상대평가, ,4.84,프런티어학부대학-프런티어학부대학,"{'셀': '웹강의', '화': '60주년-230'}"
1475,GEB1126-027,GEB1126,27,문제해결을 위한 글쓰기,1,3.0,교양필수,[  0 480   0   0   0   0   1],"김동식,이세기",상대평가, ,4.84,프런티어학부대학-프런티어학부대학,"{'셀': '웹강의', '화': '60주년-230'}"
1476,GEB1126-028,GEB1126,28,문제해결을 위한 글쓰기,1,3.0,교양필수,[   0 7680    0    0    0    0    1],"김동식,김명인",상대평가, ,5.0,기타-교양한국어,"{'셀': '웹강의', '화': '60주년-230'}"
1477,GEB1126-029,GEB1126,29,문제해결을 위한 글쓰기,1,3.0,교양필수,[     0 122880      0      0      0      0      1],"김동식,김명인",상대평가, ,5.0,프런티어학부대학-프런티어학부대학,"{'셀': '웹강의', '화': '60주년-230'}"
1478,GEB1126-030,GEB1126,30,문제해결을 위한 글쓰기,1,3.0,교양필수,[     0 122880      0      0      0      0      1],"김동식,정민나",상대평가, ,4.65,기타-교양한국어,"{'셀': '웹강의', '화': '60주년-511'}"
1479,GEB1126-031,GEB1126,31,문제해결을 위한 글쓰기,1,3.0,교양필수,[   0 7680    0    0    0    0    1],"김동식,최인숙",상대평가, ,3.67,프런티어학부대학-프런티어학부대학,"{'셀': '웹강의', '화': '60주년-804'}"
1480,GEB1126-032,GEB1126,32,문제해결을 위한 글쓰기,1,3.0,교양필수,[     0 122880      0      0      0      0      1],"정종현,최인숙",상대평가, ,4.86,기타-교양한국어,"{'셀': '웹강의', '화': '60주년-804'}"
1481,GEB1126-033,GEB1126,33,문제해결을 위한 글쓰기,1,3.0,교양필수,[ 0  0 30  0  0  0  1],"정종현,이재용",상대평가, ,4.13,기타-교양한국어,"{'셀': '웹강의', '수': '60주년-227'}"
1482,GEB1126-034,GEB1126,34,문제해결을 위한 글쓰기,1,3.0,교양필수,[  0   0 480   0   0   0   1],"정종현,이재용",상대평가, ,4.13,기타-교양한국어,"{'셀': '웹강의', '수': '60주년-227'}"
1483,GEB1126-035,GEB1126,35,문제해결을 위한 글쓰기,1,3.0,교양필수,[   0    0 7680    0    0    0    1],"정종현,이경아",상대평가, ,4.07,프런티어학부대학-프런티어학부대학,"{'셀': '웹강의', '수': '60주년-227'}"
1484,GEB1126-036,GEB1126,36,문제해결을 위한 글쓰기,1,3.0,교양필수,[     0      0 122880      0      0      0      1],"정종현,이경아",상대평가, ,4.07,기타-교양한국어,"{'셀': '웹강의', '수': '60주년-227'}"
1485,GEB1126-037,GEB1126,37,문제해결을 위한 글쓰기,1,3.0,교양필수,[ 0  0 30  0  0  0  1],"정종현,고재봉",상대평가, ,4.75,기타-교양한국어,"{'셀': '웹강의', '수': '60주년-228'}"
1486,GEB1126-038,GEB1126,38,문제해결을 위한 글쓰기,1,3.0,교양필수,[  0   0 480   0   0   0   1],"정종현,고재봉",상대평가, ,4.75,프런티어학부대학-프런티어학부대학,"{'셀': '웹강의', '수': '60주년-228'}"
1487,GEB1126-039,GEB1126,39,문제해결을 위한 글쓰기,1,3.0,교양필수,[   0    0 7680    0    0    0    1],"정종현,오윤정",상대평가, ,4.6,프런티어학부대학-프런티어학부대학,"{'셀': '웹강의', '수': '60주년-228'}"
1488,GEB1126-040,GEB1126,40,문제해결을 위한 글쓰기,1,3.0,교양필수,[     0      0 122880      0      0      0      1],"정종현,오윤정",상대평가, ,4.6,프런티어학부대학-프런티어학부대학,"{'셀': '웹강의', '수': '60주년-228'}"
1489,GEB1126-041,GEB1126,41,문제해결을 위한 글쓰기,1,3.0,교양필수,[  0   0 480   0   0   0   1],"정종현,간호윤",상대평가, ,4.36,기타-교양한국어,"{'셀': '웹강의', '수': '60주년-229'}"
1490,GEB1126-042,GEB1126,42,문제해결을 위한 글쓰기,1,3.0,교양필수,[   0    0 7680    0    0    0    1],"정종현,간호윤",상대평가, ,4.36,프런티어학부대학-프런티어학부대학,"{'셀': '웹강의', '수': '60주년-229'}"
1491,GEB1126-043,GEB1126,43,문제해결을 위한 글쓰기,1,3.0,교양필수,[     0      0 122880      0      0      0      1],"정종현,이영태",상대평가, ,,프런티어학부대학-프런티어학부대학,"{'셀': '웹강의', '수': '60주년-229'}"
1492,GEB1126-044,GEB1126,44,문제해결을 위한 글쓰기,1,3.0,교양필수,[ 0  0 30  0  0  0  1],"정종현,남동걸",상대평가, ,4.8,프런티어학부대학-프런티어학부대학,"{'셀': '웹강의', '수': '60주년-230'}"
1493,GEB1126-045,GEB1126,45,문제해결을 위한 글쓰기,1,3.0,교양필수,[  0   0 480   0   0   0   1],"정종현,남동걸",상대평가, ,4.8,프런티어학부대학-프런티어학부대학,"{'셀': '웹강의', '수': '60주년-230'}"
1494,GEB1126-046,GEB1126,46,문제해결을 위한 글쓰기,1,3.0,교양필수,[   0    0 7680    0    0    0    1],"정종현,이세기",상대평가, ,4.95,기타-교양한국어,"{'셀': '웹강의', '수': '60주년-230'}"
1495,GEB1126-047,GEB1126,47,문제해결을 위한 글쓰기,1,3.0,교양필수,[     0      0 122880      0      0      0      1],"이세기,이효원",상대평가, ,4.67,기타-교양한국어,"{'셀': '웹강의', '수': '60주년-230'}"
1496,GEB1126-048,GEB1126,48,문제해결을 위한 글쓰기,1,3.0,교양필수,[  0   0 480   0   0   0   1],"김명임,이효원",상대평가, ,,기타-교양한국어,"{'셀': '웹강의', '수': '60주년-511'}"
1497,GEB1126-049,GEB1126,49,문제해결을 위한 글쓰기,1,3.0,교양필수,[ 0  0 30  0  0  0  1],"장진숙,이효원",상대평가, ,4.89,프런티어학부대학-프런티어학부대학,"{'셀': '웹강의', '수': '60주년-804'}"
1498,GEB1126-050,GEB1126,50,문제해결을 위한 글쓰기,1,3.0,교양필수,[  0   0 480   0   0   0   1],"장진숙,이효원",상대평가, ,4.89,프런티어학부대학-프런티어학부대학,"{'셀': '웹강의', '수': '60주년-804'}"
1499,GEB1126-051,GEB1126,51,문제해결을 위한 글쓰기,1,3.0,교양필수,[   0    0 7680    0    0    0    1],"최인숙,이효원",상대평가, ,4.86,프런티어학부대학-프런티어학부대학,"{'셀': '웹강의', '수': '60주년-804'}"
1500,GEB1126-052,GEB1126,52,문제해결을 위한 글쓰기,1,3.0,교양필수,[     0      0 122880      0      0      0      1],"최인숙,이효원",상대평가, ,4.86,프런티어학부대학-프런티어학부대학,"{'셀': '웹강의', '수': '60주년-804'}"
1501,GEB1126-053,GEB1126,53,문제해결을 위한 글쓰기,1,3.0,교양필수,[ 0  0  0 30  0  0  1],"류수연,이효원",상대평가, ,5.0,프런티어학부대학-프런티어학부대학,"{'셀': '웹강의', '목': '60주년-227'}"
1502,GEB1126-054,GEB1126,54,문제해결을 위한 글쓰기,1,3.0,교양필수,[   0    0    0 7680    0    0    1],"이경아,이효원",상대평가, ,5.0,프런티어학부대학-프런티어학부대학,"{'셀': '웹강의', '목': '60주년-227'}"
1503,GEB1126-055,GEB1126,55,문제해결을 위한 글쓰기,1,3.0,교양필수,[     0      0      0 122880      0      0      1],"이경아,이효원",상대평가, ,5.0,프런티어학부대학-프런티어학부대학,"{'셀': '웹강의', '목': '60주년-227'}"
1504,GEB1126-056,GEB1126,56,문제해결을 위한 글쓰기,1,3.0,교양필수,[ 0  0  0 30  0  0  1],"이효원,고재봉",상대평가, ,5.0,기타-교양한국어,"{'셀': '웹강의', '목': '60주년-228'}"
1505,GEB1126-057,GEB1126,57,문제해결을 위한 글쓰기,1,3.0,교양필수,[  0   0   0 480   0   0   1],"이효원,고재봉",상대평가, ,5.0,기타-교양한국어,"{'셀': '웹강의', '목': '60주년-228'}"
1506,GEB1126-058,GEB1126,58,문제해결을 위한 글쓰기,1,3.0,교양필수,[   0    0    0 7680    0    0    1],"이효원,김남규",상대평가, ,,기타-교양한국어,"{'셀': '웹강의', '목': '60주년-228'}"
1507,GEB1126-059,GEB1126,59,문제해결을 위한 글쓰기,1,3.0,교양필수,[     0      0      0 122880      0      0      1],"이효원,김남규",상대평가, ,,기타-교양한국어,"{'셀': '웹강의', '목': '60주년-228'}"
1508,GEB1126-060,GEB1126,60,문제해결을 위한 글쓰기,1,3.0,교양필수,[   0    0    0 7680    0    0    1],"김윤정,이효원",상대평가, ,5.0,기타-교양한국어,"{'셀': '웹강의', '목': '60주년-229'}"
1509,GEB1126-061,GEB1126,61,문제해결을 위한 글쓰기,1,3.0,교양필수,[     0      0      0 122880      0      0      1],"김윤정,이효원",상대평가, ,5.0,프런티어학부대학-프런티어학부대학,"{'셀': '웹강의', '목': '60주년-229'}"
1510,GEB1126-062,GEB1126,62,문제해결을 위한 글쓰기,1,3.0,교양필수,[  0   0   0 480   0   0   1],"남동걸,허인영",상대평가, ,,프런티어학부대학-프런티어학부대학,"{'셀': '웹강의', '목': '60주년-230'}"
1511,GEB1126-063,GEB1126,63,문제해결을 위한 글쓰기,1,3.0,교양필수,[   0    0    0 7680    0    0    1],"남동걸,허인영",상대평가, ,,프런티어학부대학-프런티어학부대학,"{'셀': '웹강의', '목': '60주년-230'}"
1512,GEB1126-064,GEB1126,64,문제해결을 위한 글쓰기,1,3.0,교양필수,[   0    0    0 7680    0    0    1],"정민나,허인영",상대평가, ,,기타-교양한국어,"{'셀': '웹강의', '목': '60주년-511'}"
1513,GEB1126-065,GEB1126,65,문제해결을 위한 글쓰기,1,3.0,교양필수,[     0      0      0 122880      0      0      1],"정민나,허인영",상대평가, ,,기타-교양한국어,"{'셀': '웹강의', '목': '60주년-511'}"
1514,GEB1126-066,GEB1126,66,문제해결을 위한 글쓰기,1,3.0,교양필수,[ 0  0  0 30  0  0  1],"장진숙,허인영",상대평가, ,,기타-교양한국어,"{'셀': '웹강의', '목': '60주년-804'}"
1515,GEB1126-067,GEB1126,67,문제해결을 위한 글쓰기,1,3.0,교양필수,[  0   0   0 480   0   0   1],"장진숙,허인영",상대평가, ,,기타-교양한국어,"{'셀': '웹강의', '목': '60주년-804'}"
1516,GEB1126-068,GEB1126,68,문제해결을 위한 글쓰기,1,3.0,교양필수,[   0    0    0 7680    0    0    1],"권문경,허인영",상대평가, ,,기타-교양한국어,"{'셀': '웹강의', '목': '60주년-804'}"
1517,GEB1126-069,GEB1126,69,문제해결을 위한 글쓰기,1,3.0,교양필수,[     0      0      0 122880      0      0      1],"권문경,허인영",상대평가, ,,프런티어학부대학-프런티어학부대학,"{'셀': '웹강의', '목': '60주년-804'}"
1518,GEB1126-070,GEB1126,70,문제해결을 위한 글쓰기,1,3.0,교양필수,[   0    0    0    0 7680    0    1],"허인영,김남규",상대평가, ,,기타-교양한국어,"{'셀': '웹강의', '금': '60주년-228'}"
1519,GEB1126-071,GEB1126,71,문제해결을 위한 글쓰기,1,3.0,교양필수,[     0      0      0      0 122880      0      1],"허인영,김남규",상대평가, ,,프런티어학부대학-프런티어학부대학,"{'셀': '웹강의', '금': '60주년-228'}"
1520,GEB1126-072,GEB1126,72,문제해결을 위한 글쓰기,1,3.0,교양필수,[  0   0   0   0 480   0   1],"간호윤,허인영",상대평가, ,,프런티어학부대학-프런티어학부대학,"{'셀': '웹강의', '금': '60주년-229'}"
1521,GEB1126-073,GEB1126,73,문제해결을 위한 글쓰기,1,3.0,교양필수,[   0    0    0    0 7680    0    1],"간호윤,허인영",상대평가, ,,프런티어학부대학-프런티어학부대학,"{'셀': '웹강의', '금': '60주년-229'}"
1522,GEB1126-074,GEB1126,74,문제해결을 위한 글쓰기,1,3.0,교양필수,[   0    0    0    0 7680    0    1],"권문경,허인영",상대평가, ,,기타-교양한국어,"{'셀': '웹강의', '금': '60주년-230'}"
1523,GEB1126-075,GEB1126,75,문제해결을 위한 글쓰기,1,3.0,교양필수,[     0      0      0      0 122880      0      1],"권문경,허인영",상대평가, ,,기타-교양한국어,"{'셀': '웹강의', '금': '60주년-230'}"
1528,GEB1142-001,GEB1142,1,미래사회와 소프트웨어-이공계열,1,3.0,교양필수,[0 0 0 0 0 0 1],"김유성,심정섭,이문규,이경자",Pass/Fail, ,5.0,기타-E-Learning,{'셀': '웹강의'}
